{"stats":{"minecraft:used":{"minecraft:moss_block":5,"minecraft:orange_dye":1,"minecraft:light_gray_dye":39,"minecraft:iron_bars":357,"minecraft:dead_tube_coral_block":3,"minecraft:orange_concrete":76,"minecraft:armor_stand":1,"minecraft:dispenser":3,"minecraft:red_concrete":979,"minecraft:spruce_slab":5,"minecraft:redstone":2,"minecraft:bamboo_sign":2,"minecraft:ladder":5,"minecraft:oak_sign":38,"minecraft:light_blue_terracotta":1,"minecraft:black_carpet":2,"minecraft:polished_basalt":4,"minecraft:spruce_planks":15,"minecraft:white_terracotta":23,"minecraft:ender_chest":2,"minecraft:stone":16,"minecraft:warped_sign":7,"minecraft:player_head":9,"minecraft:debug_stick":35,"minecraft:dirt":26,"minecraft:anvil":1,"minecraft:hopper":6,"minecraft:jungle_planks":2,"minecraft:cobblestone_wall":1,"minecraft:deepslate_tile_slab":28,"minecraft:deepslate_brick_slab":107,"minecraft:tuff":1,"minecraft:pink_dye":1,"minecraft:dead_brain_coral_block":1,"minecraft:granite":2,"minecraft:stripped_spruce_log":15,"minecraft:milk_bucket":1,"minecraft:andesite_wall":2,"minecraft:glass":42,"minecraft:cyan_terracotta":1,"minecraft:honeycomb":40,"minecraft:packed_ice":38,"minecraft:sea_lantern":61,"minecraft:bamboo_fence":21,"minecraft:bricks":2,"minecraft:quartz_pillar":177,"minecraft:gray_dye":3,"minecraft:lime_banner":2,"minecraft:quartz_slab":14,"minecraft:red_wool":44,"minecraft:lantern":2,"minecraft:iron_block":3,"minecraft:grass_block":2,"minecraft:smooth_sandstone":4,"minecraft:green_wool":2,"minecraft:polished_blackstone_brick_wall":5,"minecraft:cherry_trapdoor":1,"minecraft:polished_blackstone_brick_stairs":4,"minecraft:smooth_quartz":1,"minecraft:lime_dye":4,"minecraft:raw_gold_block":9,"minecraft:diorite_wall":3,"minecraft:barrel":2,"minecraft:stone_bricks":17,"minecraft:waxed_exposed_cut_copper_slab":389,"minecraft:item_frame":247,"minecraft:light_gray_wool":1,"minecraft:tripwire_hook":2,"minecraft:red_carpet":40,"minecraft:warped_stairs":5,"minecraft:lime_concrete":88,"minecraft:waxed_cut_copper_slab":3,"minecraft:magenta_terracotta":7,"minecraft:iron_trapdoor":5,"minecraft:pitcher_plant":1,"minecraft:lime_stained_glass":70,"minecraft:deepslate_tile_stairs":31,"minecraft:gold_block":21,"minecraft:stone_pressure_plate":1,"minecraft:orange_terracotta":4,"minecraft:green_stained_glass_pane":16,"minecraft:red_dye":1,"minecraft:bamboo_planks":42,"minecraft:magenta_dye":1,"minecraft:stripped_spruce_wood":7,"minecraft:cobbled_deepslate_wall":6,"minecraft:yellow_banner":17,"minecraft:water_bucket":546,"minecraft:diorite":2,"minecraft:jigsaw":67,"minecraft:spruce_door":18,"minecraft:lodestone":5,"minecraft:polished_andesite":13,"minecraft:dark_oak_sign":12,"minecraft:blackstone_stairs":4,"minecraft:mangrove_planks":29,"minecraft:blackstone":20,"minecraft:redstone_block":40,"minecraft:structure_void":10,"minecraft:white_dye":1,"minecraft:glow_ink_sac":12,"minecraft:waxed_copper_block":1,"minecraft:deepslate_bricks":23,"minecraft:smooth_quartz_stairs":9,"minecraft:bamboo_mosaic_stairs":5,"minecraft:glow_item_frame":5,"minecraft:golden_apple":9,"minecraft:diamond_block":15,"minecraft:orange_carpet":1,"minecraft:rail":10,"minecraft:yellow_terracotta":2,"minecraft:lime_stained_glass_pane":32,"minecraft:oak_slab":1,"minecraft:crafting_table":1,"minecraft:green_dye":2,"minecraft:dead_fire_coral_block":1,"minecraft:birch_sign":5,"minecraft:yellow_concrete":173,"minecraft:bamboo_block":15,"minecraft:cyan_dye":1,"minecraft:blue_ice":47,"minecraft:black_bed":1,"minecraft:deepslate_brick_stairs":12,"minecraft:dark_oak_door":30,"minecraft:deepslate_tiles":196,"minecraft:piston":5,"minecraft:netherite_block":30,"minecraft:green_concrete":811,"minecraft:lever":6,"minecraft:yellow_dye":2,"minecraft:light":22,"minecraft:black_concrete":299,"minecraft:command_block":3,"minecraft:stone_button":187,"minecraft:oak_button":1,"minecraft:barrier":2,"minecraft:warped_slab":2,"minecraft:netherite_axe":8,"minecraft:spore_blossom":5,"minecraft:red_terracotta":1,"minecraft:polished_granite":2,"minecraft:spruce_trapdoor":14,"minecraft:cherry_sign":1,"minecraft:soul_lantern":20,"minecraft:jungle_sign":1,"minecraft:cobblestone":10,"minecraft:potion":1,"minecraft:andesite":1,"minecraft:dark_oak_fence":12,"minecraft:green_concrete_powder":2,"minecraft:andesite_stairs":3,"minecraft:red_banner":1,"minecraft:smooth_stone_slab":213,"minecraft:chain":6,"minecraft:glass_pane":40,"minecraft:ice":1,"minecraft:polished_blackstone_button":8,"minecraft:splash_potion":9,"minecraft:smooth_stone":51,"minecraft:green_stained_glass":24},"minecraft:custom":{"minecraft:mob_kills":4,"minecraft:interact_with_anvil":1,"minecraft:interact_with_crafting_table":1,"minecraft:open_barrel":49,"minecraft:leave_game":7,"minecraft:time_since_death":53226,"minecraft:climb_one_cm":20226,"minecraft:sprint_one_cm":1293481,"minecraft:walk_one_cm":526976,"minecraft:drop":198,"minecraft:play_time":730647,"minecraft:deaths":17,"minecraft:sneak_time":26228,"minecraft:walk_under_water_one_cm":67618,"minecraft:interact_with_lectern":5,"minecraft:jump":6849,"minecraft:walk_on_water_one_cm":63814,"minecraft:total_world_time":730647,"minecraft:interact_with_furnace":1,"minecraft:sleep_in_bed":1,"minecraft:time_since_rest":53227,"minecraft:open_enderchest":5,"minecraft:damage_taken":4730,"minecraft:damage_absorbed":240,"minecraft:damage_dealt":620,"minecraft:swim_one_cm":120255,"minecraft:fly_one_cm":7280099,"minecraft:crouch_one_cm":34606,"minecraft:fall_one_cm":39620,"minecraft:inspect_dispenser":4},"minecraft:dropped":{"minecraft:birch_planks":1,"minecraft:piston":2,"minecraft:moss_block":2,"minecraft:orange_dye":1,"minecraft:cobbled_deepslate_stairs":1,"minecraft:glow_ink_sac":1,"minecraft:yellow_concrete":2,"minecraft:cobbled_deepslate_wall":1,"minecraft:cobblestone":1,"minecraft:glow_item_frame":1,"minecraft:lantern":2,"minecraft:granite":2,"minecraft:jungle_planks":2,"minecraft:command_block":1,"minecraft:deepslate_tile_slab":2,"minecraft:polished_blackstone_button":1,"minecraft:chainmail_helmet":1,"minecraft:grass_block":2,"minecraft:coal":1,"minecraft:golden_apple":55,"minecraft:item_frame":4,"minecraft:gold_block":1,"minecraft:deepslate_tile_stairs":2,"minecraft:dirt":3,"minecraft:deepslate_brick_stairs":3,"minecraft:milk_bucket":1,"minecraft:dispenser":2,"minecraft:chain":4,"minecraft:black_concrete":1,"minecraft:chainmail_leggings":1,"minecraft:smooth_sandstone":1,"minecraft:green_wool":2,"minecraft:redstone_block":3,"minecraft:gold_ingot":6,"minecraft:bone":4,"minecraft:redstone":2,"minecraft:red_concrete":5,"minecraft:bricks":2,"minecraft:blackstone":2,"minecraft:diamond_block":1,"minecraft:player_head":388,"minecraft:pitcher_plant":1,"minecraft:dark_oak_sign":8,"minecraft:lime_concrete":2,"minecraft:black_carpet":1,"minecraft:tuff":2,"minecraft:soul_lantern":1,"minecraft:deepslate_brick_slab":2,"minecraft:rotten_flesh":4,"minecraft:light_gray_wool":1,"minecraft:debug_stick":1,"minecraft:dead_fire_coral_block":1,"minecraft:chainmail_chestplate":1,"minecraft:filled_map":1,"minecraft:deepslate_bricks":1,"minecraft:sea_lantern":2,"minecraft:deepslate_tiles":3,"minecraft:stone":2,"minecraft:shield":2,"minecraft:spruce_trapdoor":3,"minecraft:netherite_block":2,"minecraft:andesite":1,"minecraft:chainmail_boots":1,"minecraft:birch_sign":1,"minecraft:barrel":3,"minecraft:iron_bars":3,"minecraft:glass":3,"minecraft:dead_brain_coral_block":1,"minecraft:green_concrete_powder":2,"minecraft:polished_granite":2,"minecraft:dead_tube_coral_block":1},"minecraft:picked_up":{"minecraft:leather_leggings":1,"minecraft:potion":1,"minecraft:chain":1,"minecraft:shield":1,"minecraft:deepslate_tiles":1,"minecraft:player_head":385,"minecraft:music_disc_relic":1,"minecraft:yellow_banner":2,"minecraft:rotten_flesh":4,"minecraft:blaze_rod":2,"minecraft:iron_bars":1,"minecraft:leather_boots":1,"minecraft:bone":4,"minecraft:barrel":1,"minecraft:golden_apple":1,"minecraft:coal":1},"minecraft:killed":{"minecraft:zombie":1,"minecraft:blaze":3}},"DataVersion":3465}