{"stats":{"minecraft:picked_up":{"minecraft:blue_wool":2,"minecraft:stone":1,"minecraft:chainmail_boots":1,"minecraft:golden_carrot":2,"minecraft:potion":1,"minecraft:chainmail_chestplate":2,"minecraft:vine":1,"minecraft:bone":7,"minecraft:writable_book":1,"minecraft:coal":1},"minecraft:custom":{"minecraft:time_since_rest":30178,"minecraft:walk_one_cm":53083,"minecraft:damage_taken":2822,"minecraft:sprint_one_cm":195040,"minecraft:inspect_dropper":2,"minecraft:damage_absorbed":158,"minecraft:drop":11,"minecraft:fly_one_cm":886299,"minecraft:open_barrel":56,"minecraft:crouch_one_cm":937,"minecraft:play_time":67693,"minecraft:deaths":2,"minecraft:sneak_time":2448,"minecraft:interact_with_lectern":1,"minecraft:jump":472,"minecraft:leave_game":2,"minecraft:time_since_death":39239,"minecraft:walk_on_water_one_cm":203,"minecraft:sleep_in_bed":1,"minecraft:total_world_time":67693,"minecraft:climb_one_cm":458,"minecraft:damage_resisted":40,"minecraft:fall_one_cm":24385,"minecraft:inspect_dispenser":6},"minecraft:mined":{"minecraft:blue_wool":2},"minecraft:used":{"minecraft:water_bucket":23,"minecraft:writable_book":1,"minecraft:apple":13,"minecraft:packed_mud":1,"minecraft:blue_wool":2,"minecraft:stripped_birch_wood":28,"minecraft:mud_bricks":2,"minecraft:golden_carrot":2,"minecraft:potion":1,"minecraft:chainmail_boots":1,"minecraft:chainmail_chestplate":1,"minecraft:book":22,"minecraft:enchanted_golden_apple":1},"minecraft:dropped":{"minecraft:chainmail_boots":2,"minecraft:apple":69,"minecraft:chainmail_chestplate":3}},"DataVersion":3465}