{"stats":{"minecraft:mined":{"minecraft:tinted_glass":1,"minecraft:blue_wool":2},"minecraft:used":{"minecraft:water_bucket":23,"minecraft:writable_book":1,"minecraft:apple":13,"minecraft:bread":2,"minecraft:packed_mud":1,"minecraft:blue_wool":2,"minecraft:mossy_stone_brick_stairs":1,"minecraft:stripped_birch_wood":28,"minecraft:mud_bricks":2,"minecraft:golden_carrot":2,"minecraft:potion":1,"minecraft:chainmail_boots":1,"minecraft:chainmail_chestplate":1,"minecraft:blue_ice":1,"minecraft:enchanted_golden_apple":2,"minecraft:book":22},"minecraft:picked_up":{"minecraft:blue_wool":2,"minecraft:chainmail_boots":1,"minecraft:stone":1,"minecraft:golden_carrot":2,"minecraft:potion":1,"minecraft:chainmail_chestplate":2,"minecraft:vine":1,"minecraft:bone":7,"minecraft:writable_book":1,"minecraft:tinted_glass":1,"minecraft:coal":1},"minecraft:dropped":{"minecraft:chainmail_boots":2,"minecraft:apple":69,"minecraft:chainmail_chestplate":3},"minecraft:custom":{"minecraft:time_since_rest":50382,"minecraft:sprint_one_cm":261436,"minecraft:walk_one_cm":66103,"minecraft:inspect_dropper":2,"minecraft:damage_taken":2994,"minecraft:damage_absorbed":318,"minecraft:drop":11,"minecraft:swim_one_cm":5023,"minecraft:fly_one_cm":1075132,"minecraft:open_barrel":57,"minecraft:crouch_one_cm":1091,"minecraft:play_time":87897,"minecraft:deaths":2,"minecraft:sneak_time":3069,"minecraft:walk_under_water_one_cm":10536,"minecraft:interact_with_lectern":1,"minecraft:jump":726,"minecraft:leave_game":3,"minecraft:walk_on_water_one_cm":1225,"minecraft:time_since_death":59443,"minecraft:sleep_in_bed":1,"minecraft:climb_one_cm":458,"minecraft:total_world_time":87897,"minecraft:damage_resisted":108,"minecraft:fall_one_cm":26047,"minecraft:inspect_dispenser":6}},"DataVersion":3465}