{"stats":{"minecraft:picked_up":{"minecraft:blue_wool":2,"minecraft:stone":1,"minecraft:chainmail_boots":1,"minecraft:golden_carrot":2,"minecraft:writable_book":1,"minecraft:potion":1,"minecraft:chainmail_chestplate":2,"minecraft:vine":1},"minecraft:custom":{"minecraft:time_since_rest":10448,"minecraft:inspect_dropper":2,"minecraft:crouch_one_cm":848,"minecraft:sprint_one_cm":151150,"minecraft:play_time":47963,"minecraft:deaths":2,"minecraft:damage_taken":2822,"minecraft:walk_one_cm":44533,"minecraft:sneak_time":2227,"minecraft:drop":11,"minecraft:jump":422,"minecraft:leave_game":1,"minecraft:walk_on_water_one_cm":203,"minecraft:time_since_death":19509,"minecraft:sleep_in_bed":1,"minecraft:climb_one_cm":458,"minecraft:total_world_time":47963,"minecraft:inspect_dispenser":6,"minecraft:fall_one_cm":24174,"minecraft:fly_one_cm":667281,"minecraft:open_barrel":45},"minecraft:mined":{"minecraft:blue_wool":2},"minecraft:used":{"minecraft:water_bucket":23,"minecraft:writable_book":1,"minecraft:apple":13,"minecraft:golden_carrot":2,"minecraft:potion":1,"minecraft:chainmail_boots":1,"minecraft:chainmail_chestplate":1,"minecraft:packed_mud":1,"minecraft:blue_wool":2,"minecraft:mud_bricks":2,"minecraft:stripped_birch_wood":28},"minecraft:dropped":{"minecraft:apple":69,"minecraft:chainmail_chestplate":3,"minecraft:chainmail_boots":2}},"DataVersion":3465}