{"stats":{"minecraft:picked_up":{"minecraft:blue_wool":2,"minecraft:writable_book":1},"minecraft:custom":{"minecraft:time_since_rest":18966,"minecraft:crouch_one_cm":82,"minecraft:sprint_one_cm":85827,"minecraft:play_time":24817,"minecraft:deaths":1,"minecraft:damage_taken":680,"minecraft:walk_one_cm":21302,"minecraft:sneak_time":518,"minecraft:drop":10,"minecraft:jump":260,"minecraft:leave_game":1,"minecraft:walk_on_water_one_cm":203,"minecraft:time_since_death":18928,"minecraft:climb_one_cm":418,"minecraft:total_world_time":24817,"minecraft:fall_one_cm":4881,"minecraft:fly_one_cm":128084,"minecraft:open_barrel":6},"minecraft:mined":{"minecraft:blue_wool":2},"minecraft:used":{"minecraft:water_bucket":23,"minecraft:writable_book":1,"minecraft:apple":10,"minecraft:packed_mud":1,"minecraft:blue_wool":2,"minecraft:mud_bricks":2,"minecraft:stripped_birch_wood":28},"minecraft:dropped":{"minecraft:apple":69,"minecraft:chainmail_chestplate":2,"minecraft:chainmail_boots":2}},"DataVersion":3465}