{"stats":{"minecraft:mined":{"minecraft:light_blue_bed":1,"minecraft:wall_torch":2},"minecraft:killed_by":{"minecraft:stray":1,"minecraft:wither_skeleton":1,"minecraft:drowned":3,"minecraft:piglin":2,"minecraft:spider":1},"minecraft:killed":{"minecraft:dolphin":1,"minecraft:zombie":23,"minecraft:evoker":1,"minecraft:warden":1,"minecraft:husk":2,"minecraft:ravager":1,"minecraft:enderman":1,"minecraft:spider":2,"minecraft:silverfish":2,"minecraft:illusioner":1,"minecraft:stray":2,"minecraft:blaze":28,"minecraft:vex":2,"minecraft:drowned":1},"minecraft:dropped":{"minecraft:music_disc_relic":1,"minecraft:quartz_pillar":1,"minecraft:stone_button":1,"minecraft:fermented_spider_eye":1,"minecraft:green_wool":1,"minecraft:note_block":1,"minecraft:rotten_flesh":8,"minecraft:ladder":1,"minecraft:yellow_banner":2,"minecraft:leather_leggings":1,"minecraft:smooth_quartz_stairs":4,"minecraft:dark_prismarine_slab":1,"minecraft:command_block":4,"minecraft:wooden_axe":1,"minecraft:potion":2,"minecraft:smooth_stone":1,"minecraft:string":1,"minecraft:smooth_sandstone":4,"minecraft:player_head":834,"minecraft:structure_block":7,"minecraft:light_gray_concrete":1,"minecraft:glow_lichen":1,"minecraft:oak_sign":1,"minecraft:spruce_trapdoor":2,"minecraft:spruce_planks":1,"minecraft:fire_coral_block":1,"minecraft:stone_pressure_plate":1,"minecraft:barrel":1,"minecraft:birch_planks":4,"minecraft:lantern":1,"minecraft:cod":64,"minecraft:deepslate_tile_stairs":1,"minecraft:redstone_lamp":1,"minecraft:gold_ingot":2,"minecraft:honey_bottle":16,"minecraft:glowstone":1,"minecraft:acacia_trapdoor":1,"minecraft:torch":2,"minecraft:smooth_quartz_slab":2,"minecraft:tripwire_hook":1,"minecraft:redstone_block":1,"minecraft:redstone":1,"minecraft:green_concrete":1,"minecraft:deepslate_bricks":1,"minecraft:white_stained_glass":1},"minecraft:used":{"minecraft:moss_block":303,"minecraft:orange_dye":1,"minecraft:nether_brick_fence":622,"minecraft:jack_o_lantern":2,"minecraft:writable_book":76,"minecraft:polished_granite_stairs":8,"minecraft:chiseled_deepslate":27,"minecraft:smooth_quartz_slab":3560,"minecraft:dead_horn_coral_block":13,"minecraft:spruce_slab":12085,"minecraft:dispenser":230,"minecraft:polished_blackstone":16,"minecraft:poppy":102,"minecraft:ladder":700,"minecraft:black_carpet":905,"minecraft:chest":12,"minecraft:stone":22031,"minecraft:brown_concrete":109,"minecraft:white_shulker_box":1,"minecraft:warped_sign":4,"minecraft:red_nether_brick_stairs":454,"minecraft:quartz_stairs":623,"minecraft:farmland":25,"minecraft:rotten_flesh":1,"minecraft:tube_coral":225,"minecraft:chiseled_red_sandstone":1,"minecraft:pink_candle":10,"minecraft:cut_copper":1,"minecraft:blue_stained_glass":99,"minecraft:brick_slab":33,"minecraft:jungle_slab":145,"minecraft:deepslate_brick_slab":207,"minecraft:magenta_candle":6,"minecraft:acacia_button":24,"minecraft:weeping_vines":849,"minecraft:stripped_spruce_log":1741,"minecraft:music_disc_relic":1,"minecraft:polished_blackstone_slab":36,"minecraft:packed_ice":503,"minecraft:bamboo_pressure_plate":6,"minecraft:honey_block":14,"minecraft:honeycomb":9,"minecraft:lava_bucket":1895,"minecraft:stripped_dark_oak_wood":25,"minecraft:quartz_pillar":3952,"minecraft:mangrove_stairs":863,"minecraft:red_wool":713,"minecraft:grass_block":13259,"minecraft:polished_andesite_stairs":22,"minecraft:quartz_block":719,"minecraft:dark_oak_slab":20,"minecraft:cherry_button":3,"minecraft:cherry_leaves":3,"minecraft:dark_oak_button":8,"minecraft:stone_brick_stairs":659,"minecraft:stripped_mangrove_log":3172,"minecraft:red_stained_glass_pane":10,"minecraft:infested_mossy_stone_bricks":2,"minecraft:furnace":498,"minecraft:yellow_glazed_terracotta":224,"minecraft:oak_sapling":219,"minecraft:mangrove_slab":227,"minecraft:dragon_head":9,"minecraft:green_stained_glass_pane":43,"minecraft:seagrass":12,"minecraft:dark_prismarine_stairs":1004,"minecraft:magenta_shulker_box":1,"minecraft:deepslate_brick_wall":364,"minecraft:light_blue_carpet":129,"minecraft:emerald_ore":8,"minecraft:mossy_stone_bricks":267,"minecraft:bamboo_mosaic":6,"minecraft:brick_wall":276,"minecraft:spruce_door":1,"minecraft:cut_copper_slab":240,"minecraft:stripped_birch_log":8,"minecraft:red_stained_glass":250,"minecraft:acacia_trapdoor":136,"minecraft:powered_rail":4,"minecraft:prismarine":74,"minecraft:orange_tulip":28,"minecraft:blackstone":363,"minecraft:lime_concrete_powder":266,"minecraft:mossy_stone_brick_stairs":17,"minecraft:jungle_pressure_plate":1,"minecraft:composter":91,"minecraft:smooth_quartz_stairs":7222,"minecraft:oak_leaves":704,"minecraft:stripped_mangrove_wood":153,"minecraft:glow_berries":728,"minecraft:blue_dye":1,"minecraft:purpur_stairs":65,"minecraft:sand":4298,"minecraft:cut_sandstone_slab":28,"minecraft:waxed_weathered_cut_copper_slab":36,"minecraft:blast_furnace":121,"minecraft:smooth_red_sandstone":1231,"minecraft:cyan_dye":2,"minecraft:blue_ice":2169,"minecraft:chiseled_quartz_block":280,"minecraft:purple_terracotta":1,"minecraft:gray_concrete":170,"minecraft:stripped_cherry_wood":17,"minecraft:bamboo_button":6,"minecraft:deepslate_brick_stairs":273,"minecraft:purple_concrete_powder":113,"minecraft:lightning_rod":1360,"minecraft:deepslate_tiles":616,"minecraft:red_sandstone":50,"minecraft:chiseled_sandstone":181,"minecraft:mangrove_door":11,"minecraft:gray_stained_glass_pane":43,"minecraft:birch_slab":9,"minecraft:zombie_head":1,"minecraft:cyan_carpet":133,"minecraft:stone_button":936,"minecraft:lectern":10,"minecraft:spore_blossom":8,"minecraft:red_terracotta":7536,"minecraft:polished_granite":302,"minecraft:cherry_sign":1,"minecraft:oak_pressure_plate":104,"minecraft:diamond_ore":9,"minecraft:cut_red_sandstone":2,"minecraft:flowering_azalea_leaves":492,"minecraft:polished_andesite_slab":41,"minecraft:soul_lantern":620,"minecraft:nether_wart_block":3781,"minecraft:diamond_sword":15,"minecraft:coal_block":1213,"minecraft:wooden_sword":46,"minecraft:suspicious_gravel":2,"minecraft:smithing_table":22,"minecraft:white_stained_glass":2830,"minecraft:green_concrete_powder":256,"minecraft:pink_stained_glass":9,"minecraft:ice":12,"minecraft:waxed_cut_copper_stairs":91,"minecraft:purple_wool":21,"minecraft:gray_stained_glass":1,"minecraft:oak_trapdoor":5,"minecraft:iron_bars":4016,"minecraft:enchanting_table":1,"minecraft:dead_tube_coral_block":18,"minecraft:orange_concrete":360,"minecraft:brain_coral_fan":436,"minecraft:carved_pumpkin":1,"minecraft:armor_stand":20,"minecraft:red_concrete":3738,"minecraft:light_gray_carpet":141,"minecraft:mycelium":36,"minecraft:tinted_glass":744,"minecraft:wither_skeleton_spawn_egg":1,"minecraft:mangrove_fence":135,"minecraft:polished_blackstone_wall":792,"minecraft:sandstone_wall":639,"minecraft:structure_block":1363,"minecraft:netherrack":127,"minecraft:orange_stained_glass":1462,"minecraft:orange_bed":11,"minecraft:torch":482,"minecraft:brewing_stand":9,"minecraft:anvil":86,"minecraft:warped_wart_block":30,"minecraft:target":19,"minecraft:light_blue_dye":1,"minecraft:twisting_vines":87,"minecraft:crimson_hyphae":2043,"minecraft:stone_stairs":707,"minecraft:yellow_carpet":192,"minecraft:jungle_trapdoor":1,"minecraft:glow_lichen":89,"minecraft:dead_brain_coral_block":7,"minecraft:blue_concrete":1827,"minecraft:mud_brick_stairs":318,"minecraft:nether_brick_stairs":8,"minecraft:oak_fence_gate":11,"minecraft:polished_diorite":113,"minecraft:shroomlight":1350,"minecraft:sea_lantern":8038,"minecraft:flowering_azalea":6,"minecraft:bamboo_fence":17,"minecraft:cyan_shulker_box":2,"minecraft:rooted_dirt":78,"minecraft:iron_block":3463,"minecraft:light_weighted_pressure_plate":5,"minecraft:slime_block":63,"minecraft:cherry_slab":46,"minecraft:brick_stairs":816,"minecraft:spruce_button":30,"minecraft:bamboo_hanging_sign":64,"minecraft:polished_deepslate_wall":1270,"minecraft:smooth_quartz":10490,"minecraft:lime_dye":5,"minecraft:mud_bricks":2425,"minecraft:barrel":3063,"minecraft:bamboo":21,"minecraft:waxed_exposed_cut_copper_slab":865,"minecraft:smooth_basalt":3208,"minecraft:blaze_spawn_egg":1,"minecraft:tripwire_hook":31,"minecraft:purple_concrete":238,"minecraft:glowstone":720,"minecraft:lime_concrete":398,"minecraft:warped_stairs":9,"minecraft:magenta_wool":1,"minecraft:tall_grass":23,"minecraft:iron_trapdoor":4003,"minecraft:magenta_terracotta":225,"minecraft:oxidized_copper":1,"minecraft:acacia_wood":1322,"minecraft:crimson_pressure_plate":2,"minecraft:observer":283,"minecraft:acacia_planks":1215,"minecraft:cherry_fence":69,"minecraft:cherry_log":67,"minecraft:orange_terracotta":4631,"minecraft:horn_coral_fan":269,"minecraft:pointed_dripstone":172,"minecraft:crimson_stem":2,"minecraft:calcite":821,"minecraft:wheat_seeds":636,"minecraft:water_bucket":4792,"minecraft:chiseled_bookshelf":299,"minecraft:yellow_banner":58,"minecraft:nether_brick_wall":6,"minecraft:mangrove_wood":137,"minecraft:tube_coral_block":866,"minecraft:prismarine_brick_slab":11,"minecraft:birch_planks":22,"minecraft:lime_wool":250,"minecraft:cartography_table":13,"minecraft:smooth_sandstone_slab":335,"minecraft:cherry_planks":583,"minecraft:blue_concrete_powder":979,"minecraft:cauldron":33,"minecraft:fletching_table":59,"minecraft:glow_ink_sac":136,"minecraft:spruce_fence_gate":2,"minecraft:gold_ore":141,"minecraft:deepslate_bricks":3686,"minecraft:cracked_stone_bricks":324,"minecraft:conduit":3,"minecraft:polished_blackstone_bricks":80,"minecraft:bamboo_mosaic_stairs":59,"minecraft:pink_concrete":283,"minecraft:polished_deepslate_slab":168,"minecraft:mossy_cobblestone":631,"minecraft:orange_carpet":112,"minecraft:lime_terracotta":768,"minecraft:rail":877,"minecraft:comparator":180,"minecraft:vine":488,"minecraft:tnt":358,"minecraft:oak_slab":4327,"minecraft:crafting_table":366,"minecraft:green_dye":2,"minecraft:red_bed":87,"minecraft:birch_sign":49,"minecraft:campfire":11,"minecraft:white_bed":46,"minecraft:fire_coral":274,"minecraft:lime_shulker_box":4,"minecraft:cake":68,"minecraft:spruce_log":402,"minecraft:deepslate_tile_wall":425,"minecraft:oak_log":6921,"minecraft:blue_stained_glass_pane":10,"minecraft:mud":395,"minecraft:dark_prismarine":4420,"minecraft:yellow_dye":4,"minecraft:light":653,"minecraft:warped_trapdoor":19,"minecraft:mangrove_pressure_plate":16,"minecraft:acacia_sign":9,"minecraft:stripped_jungle_log":997,"minecraft:oak_button":11,"minecraft:suspicious_stew":1,"minecraft:spruce_pressure_plate":12,"minecraft:cyan_concrete":109,"minecraft:leather_helmet":1,"minecraft:purpur_slab":150,"minecraft:spruce_trapdoor":1750,"minecraft:bamboo_slab":127,"minecraft:crimson_nylium":825,"minecraft:crimson_sign":12,"minecraft:green_carpet":29,"minecraft:blue_carpet":103,"minecraft:pink_bed":8,"minecraft:chiseled_stone_bricks":14,"minecraft:cobblestone":4082,"minecraft:potion":2,"minecraft:azalea_leaves":3878,"minecraft:purple_bed":6,"minecraft:crimson_stairs":14,"minecraft:acacia_pressure_plate":1,"minecraft:red_concrete_powder":112,"minecraft:andesite_stairs":58,"minecraft:glass_pane":3435,"minecraft:repeating_command_block":5,"minecraft:brush":3,"minecraft:kelp":311,"minecraft:candle":208,"minecraft:sculk_vein":137,"minecraft:jukebox":12,"minecraft:green_stained_glass":273,"minecraft:moss_carpet":1072,"minecraft:waxed_exposed_cut_copper":355,"minecraft:light_gray_dye":3,"minecraft:purple_candle":14,"minecraft:polished_deepslate":229,"minecraft:melon":14,"minecraft:diamond_hoe":1,"minecraft:bone_block":290,"minecraft:oak_sign":794,"minecraft:white_concrete_powder":2,"minecraft:decorated_pot":194,"minecraft:white_terracotta":4761,"minecraft:creeper_head":10,"minecraft:stripped_jungle_wood":165,"minecraft:grass":61,"minecraft:player_head":233,"minecraft:mossy_stone_brick_slab":1,"minecraft:smooth_sandstone_stairs":746,"minecraft:stripped_crimson_stem":60,"minecraft:green_terracotta":38,"minecraft:sculk_sensor":20,"minecraft:white_candle":151,"minecraft:debug_stick":36,"minecraft:jungle_planks":58,"minecraft:nether_bricks":3,"minecraft:prismarine_brick_stairs":7,"minecraft:carrot":34,"minecraft:deepslate_tile_slab":1024,"minecraft:tuff":2680,"minecraft:beehive":102,"minecraft:honey_bottle":14,"minecraft:polished_deepslate_stairs":98,"minecraft:red_sandstone_stairs":5,"minecraft:glass":965,"minecraft:waxed_oxidized_copper":299,"minecraft:crimson_button":6,"minecraft:cyan_terracotta":2112,"minecraft:bricks":6002,"minecraft:coal_ore":179,"minecraft:quartz_slab":319,"minecraft:spruce_wood":24,"minecraft:lantern":1461,"minecraft:packed_mud":1121,"minecraft:green_wool":158,"minecraft:polished_blackstone_brick_wall":269,"minecraft:warped_nylium":1,"minecraft:dark_oak_wood":16,"minecraft:light_blue_bed":17,"minecraft:gray_concrete_powder":7,"minecraft:raw_gold_block":181,"minecraft:stone_bricks":8814,"minecraft:item_frame":436,"minecraft:birch_button":3,"minecraft:birch_trapdoor":12,"minecraft:red_carpet":2753,"minecraft:reinforced_deepslate":99,"minecraft:repeater":715,"minecraft:redstone_lamp":2048,"minecraft:magma_block":79,"minecraft:brown_carpet":103,"minecraft:horn_coral":86,"minecraft:warped_fungus":2,"minecraft:hay_block":41,"minecraft:scaffolding":2891,"minecraft:infested_cracked_stone_bricks":145,"minecraft:jungle_button":43,"minecraft:oxidized_cut_copper_stairs":1,"minecraft:gray_bed":34,"minecraft:polished_diorite_stairs":187,"minecraft:gold_block":33,"minecraft:skeleton_skull":53,"minecraft:pearlescent_froglight":36,"minecraft:fire_coral_fan":39,"minecraft:polished_blackstone_stairs":20,"minecraft:stripped_spruce_wood":48,"minecraft:bamboo_trapdoor":13,"minecraft:dark_oak_stairs":191,"minecraft:waxed_oxidized_cut_copper_slab":1,"minecraft:end_rod":638,"minecraft:tube_coral_fan":51,"minecraft:torchflower":1,"minecraft:dropper":250,"minecraft:gray_carpet":138,"minecraft:dark_oak_sign":764,"minecraft:oak_planks":1485,"minecraft:mangrove_planks":1593,"minecraft:polished_diorite_slab":27,"minecraft:sandstone":105,"minecraft:redstone_block":1060,"minecraft:white_wool":2609,"minecraft:brain_coral":16,"minecraft:yellow_terracotta":2327,"minecraft:infested_chiseled_stone_bricks":25,"minecraft:light_blue_concrete":1590,"minecraft:lime_stained_glass_pane":49,"minecraft:loom":11,"minecraft:mushroom_stew":3,"minecraft:light_blue_wool":185,"minecraft:light_gray_terracotta":38,"minecraft:yellow_concrete":1002,"minecraft:blackstone_wall":291,"minecraft:ochre_froglight":283,"minecraft:note_block":314,"minecraft:stone_brick_wall":1149,"minecraft:black_bed":9,"minecraft:redstone_torch":48,"minecraft:black_terracotta":6,"minecraft:sticky_piston":183,"minecraft:lever":1017,"minecraft:green_concrete":704,"minecraft:black_concrete":6900,"minecraft:daylight_detector":213,"minecraft:acacia_door":80,"minecraft:light_gray_candle":45,"minecraft:light_gray_concrete":5948,"minecraft:lime_carpet":397,"minecraft:heavy_weighted_pressure_plate":394,"minecraft:brown_stained_glass":54,"minecraft:barrier":262,"minecraft:cyan_bed":6,"minecraft:bread":13,"minecraft:brown_wool":1,"minecraft:string":51,"minecraft:warped_slab":65,"minecraft:iron_door":416,"minecraft:prismarine_wall":22,"minecraft:gravel":607,"minecraft:blackstone_slab":3,"minecraft:granite_slab":117,"minecraft:stripped_warped_hyphae":592,"minecraft:smooth_red_sandstone_slab":108,"minecraft:stripped_oak_wood":70,"minecraft:grindstone":72,"minecraft:waxed_oxidized_cut_copper_stairs":289,"minecraft:andesite":6246,"minecraft:chain":1000,"minecraft:smooth_stone_slab":2415,"minecraft:stripped_cherry_log":207,"minecraft:white_concrete":24133,"minecraft:coarse_dirt":286,"minecraft:warped_button":261,"minecraft:bamboo_mosaic_slab":30,"minecraft:bone_meal":16511,"minecraft:cobweb":847,"minecraft:azalea":215,"minecraft:oak_fence":1012,"minecraft:purpur_block":2,"minecraft:petrified_oak_slab":153,"minecraft:netherite_sword":47,"minecraft:rose_bush":41,"minecraft:granite_stairs":63,"minecraft:flint_and_steel":309,"minecraft:white_tulip":33,"minecraft:cracked_deepslate_bricks":8,"minecraft:redstone":1402,"minecraft:light_blue_terracotta":494,"minecraft:spruce_planks":4711,"minecraft:ender_chest":44,"minecraft:sculk":481,"minecraft:stripped_birch_wood":778,"minecraft:wooden_shovel":240,"minecraft:bamboo_door":6,"minecraft:cut_copper_stairs":23,"minecraft:oak_door":16,"minecraft:dirt":1457,"minecraft:red_nether_brick_slab":33,"minecraft:white_carpet":177,"minecraft:hopper":173,"minecraft:cherry_pressure_plate":1,"minecraft:prismarine_bricks":20,"minecraft:spruce_stairs":2082,"minecraft:warped_door":15,"minecraft:oak_wood":587,"minecraft:raw_iron_block":133,"minecraft:pink_carpet":36,"minecraft:pink_dye":4,"minecraft:warped_pressure_plate":1,"minecraft:spruce_fence":359,"minecraft:granite":473,"minecraft:light_blue_stained_glass":68,"minecraft:birch_door":35,"minecraft:purple_stained_glass_pane":11,"minecraft:stone_brick_slab":713,"minecraft:dark_oak_planks":457,"minecraft:brown_terracotta":20,"minecraft:bookshelf":3891,"minecraft:light_gray_stained_glass":3,"minecraft:red_tulip":38,"minecraft:waxed_cut_copper":22,"minecraft:yellow_stained_glass":201,"minecraft:oak_stairs":4395,"minecraft:smooth_sandstone":20275,"minecraft:acacia_slab":312,"minecraft:crimson_slab":77,"minecraft:cherry_trapdoor":114,"minecraft:red_candle":303,"minecraft:polished_blackstone_brick_stairs":42,"minecraft:crimson_planks":11,"minecraft:light_gray_wool":649,"minecraft:waxed_cut_copper_slab":501,"minecraft:black_stained_glass":175,"minecraft:dark_oak_pressure_plate":1,"minecraft:black_dye":10,"minecraft:lime_stained_glass":69,"minecraft:deepslate_tile_stairs":6310,"minecraft:white_stained_glass_pane":232,"minecraft:horn_coral_block":831,"minecraft:stone_pressure_plate":500,"minecraft:dead_bubble_coral_block":3,"minecraft:red_dye":22,"minecraft:orange_stained_glass_pane":7,"minecraft:powder_snow_bucket":1752,"minecraft:pumpkin":11,"minecraft:light_gray_bed":43,"minecraft:bamboo_planks":251,"minecraft:brain_coral_block":1400,"minecraft:crimson_hanging_sign":3,"minecraft:quartz_bricks":10726,"minecraft:iron_ore":10,"minecraft:pink_tulip":49,"minecraft:jigsaw":1,"minecraft:cobblestone_stairs":57,"minecraft:lodestone":12,"minecraft:snow_block":80,"minecraft:polished_andesite":61,"minecraft:red_nether_bricks":3,"minecraft:mud_brick_slab":264,"minecraft:blue_wool":1139,"minecraft:andesite_slab":66,"minecraft:black_shulker_box":2,"minecraft:cut_sandstone":223,"minecraft:white_dye":71,"minecraft:spruce_sign":235,"minecraft:magenta_stained_glass":40,"minecraft:stonecutter":5,"minecraft:green_bed":20,"minecraft:chiseled_nether_bricks":7,"minecraft:cobblestone_slab":18,"minecraft:waxed_copper_block":3355,"minecraft:glow_item_frame":17,"minecraft:jungle_wood":1,"minecraft:polished_blackstone_pressure_plate":37,"minecraft:mangrove_trapdoor":14,"minecraft:dark_prismarine_slab":663,"minecraft:lime_bed":2,"minecraft:magenta_bed":4,"minecraft:dead_fire_coral_block":660,"minecraft:bamboo_block":870,"minecraft:light_gray_concrete_powder":32,"minecraft:painting":251,"minecraft:magenta_carpet":67,"minecraft:piglin_head":10,"minecraft:smooth_red_sandstone_stairs":140,"minecraft:warped_planks":2,"minecraft:smoker":131,"minecraft:dark_oak_door":342,"minecraft:book":1530,"minecraft:cyan_stained_glass":332,"minecraft:purple_stained_glass":51,"minecraft:gray_terracotta":210,"minecraft:piston":332,"minecraft:wooden_hoe":486,"minecraft:flower_pot":91,"minecraft:black_wool":1144,"minecraft:acacia_stairs":3,"minecraft:activator_rail":8,"minecraft:apple":2,"minecraft:cherry_door":24,"minecraft:command_block":1024,"minecraft:gray_candle":19,"minecraft:map":1,"minecraft:lapis_ore":12,"minecraft:detector_rail":8,"minecraft:jungle_stairs":234,"minecraft:magenta_concrete":67,"minecraft:stone_slab":2279,"minecraft:purple_dye":2,"minecraft:yellow_wool":8,"minecraft:fire_coral_block":878,"minecraft:crimson_fungus":387,"minecraft:cherry_stairs":67,"minecraft:cyan_stained_glass_pane":10,"minecraft:white_banner":3,"minecraft:lapis_block":49,"minecraft:jungle_door":27,"minecraft:pink_shulker_box":2,"minecraft:bucket":25,"minecraft:magenta_glazed_terracotta":37,"minecraft:yellow_bed":2,"minecraft:sea_pickle":166,"minecraft:wither_rose":79,"minecraft:polished_blackstone_button":235,"minecraft:purple_carpet":20,"minecraft:gray_wool":17,"minecraft:smooth_stone":362,"minecraft:soul_torch":28,"minecraft:birch_stairs":7},"minecraft:crafted":{"minecraft:decorated_pot":28,"minecraft:leather_leggings":1,"minecraft:leather_chestplate":1,"minecraft:crimson_hyphae":3,"minecraft:leather_boots":1},"minecraft:custom":{"minecraft:interact_with_crafting_table":23,"minecraft:open_barrel":1226,"minecraft:eat_cake_slice":8,"minecraft:leave_game":415,"minecraft:time_since_death":11129,"minecraft:play_time":12295675,"minecraft:deaths":23,"minecraft:jump":38460,"minecraft:interact_with_furnace":23,"minecraft:play_record":1,"minecraft:sleep_in_bed":2,"minecraft:damage_dealt":41788,"minecraft:interact_with_smoker":5,"minecraft:inspect_dispenser":15,"minecraft:inspect_dropper":66,"minecraft:interact_with_anvil":1,"minecraft:inspect_hopper":76,"minecraft:damage_dealt_absorbed":6,"minecraft:sneak_time":672573,"minecraft:interact_with_lectern":51,"minecraft:interact_with_blast_furnace":13,"minecraft:total_world_time":14341271,"minecraft:tune_noteblock":35,"minecraft:interact_with_stonecutter":1,"minecraft:time_since_rest":11129,"minecraft:swim_one_cm":234115,"minecraft:fly_one_cm":146786713,"minecraft:open_chest":1,"minecraft:fall_one_cm":71818,"minecraft:open_shulker_box":14,"minecraft:damage_resisted":2580,"minecraft:sprint_one_cm":14272309,"minecraft:drop":85,"minecraft:interact_with_brewingstand":1,"minecraft:walk_on_water_one_cm":1693742,"minecraft:interact_with_loom":15,"minecraft:open_enderchest":79,"minecraft:crouch_one_cm":664181,"minecraft:mob_kills":71,"minecraft:fill_cauldron":4,"minecraft:damage_dealt_resisted":4,"minecraft:climb_one_cm":114962,"minecraft:walk_one_cm":19392850,"minecraft:walk_under_water_one_cm":13476408,"minecraft:pot_flower":84,"minecraft:interact_with_grindstone":2,"minecraft:damage_taken":8926},"minecraft:picked_up":{"minecraft:wooden_axe":1,"minecraft:string":1,"minecraft:beetroot_soup":2,"minecraft:beetroot":6,"minecraft:spruce_planks":1,"minecraft:deepslate_tile_stairs":1,"minecraft:black_dye":1,"minecraft:command_block":8,"minecraft:honey_bottle":36,"minecraft:light_blue_wool":6,"minecraft:glowstone":1,"minecraft:blaze_rod":18,"minecraft:lantern":1,"minecraft:glow_lichen":1,"minecraft:dropper":1,"minecraft:fermented_spider_eye":1,"minecraft:barrel":3,"minecraft:green_concrete":1,"minecraft:writable_book":3,"minecraft:bread":6,"minecraft:coarse_dirt":2,"minecraft:redstone_lamp":1,"minecraft:leather_leggings":11,"minecraft:white_stained_glass":1,"minecraft:netherite_sword":6,"minecraft:beef":23,"minecraft:lime_shulker_box":2,"minecraft:stone":3,"minecraft:redstone":1,"minecraft:cyan_shulker_box":1,"minecraft:deepslate_bricks":1,"minecraft:gold_ingot":1,"minecraft:totem_of_undying":1,"minecraft:white_shulker_box":1,"minecraft:white_wool":6,"minecraft:tripwire_hook":1,"minecraft:stone_bricks":1,"minecraft:apple":8,"minecraft:sweet_berries":4,"minecraft:red_wool":6,"minecraft:leather_helmet":10,"minecraft:smooth_quartz_slab":2,"minecraft:ender_pearl":1,"minecraft:redstone_block":1,"minecraft:yellow_wool":6,"minecraft:potion":3,"minecraft:oak_sign":2,"minecraft:black_shulker_box":2,"minecraft:smooth_stone":1,"minecraft:smooth_quartz_stairs":4,"minecraft:blue_wool":6,"minecraft:tipped_arrow":1,"minecraft:torch":3,"minecraft:porkchop":18,"minecraft:dried_kelp":9,"minecraft:rotten_flesh":77,"minecraft:green_wool":1,"minecraft:cod":86,"minecraft:leather_chestplate":11,"minecraft:repeater":1,"minecraft:potato":1,"minecraft:leather_boots":9,"minecraft:bone":43,"minecraft:grass_block":2,"minecraft:orange_wool":6,"minecraft:light_gray_concrete":1,"minecraft:dark_prismarine_slab":1,"minecraft:golden_apple":74,"minecraft:emerald":1,"minecraft:ladder":1,"minecraft:structure_block":7,"minecraft:pink_wool":6,"minecraft:player_head":844,"minecraft:spruce_trapdoor":2,"minecraft:music_disc_relic":1,"minecraft:note_block":1,"minecraft:quartz_pillar":1,"minecraft:stone_button":3,"minecraft:stone_pressure_plate":1,"minecraft:arrow":3,"minecraft:saddle":1,"minecraft:golden_carrot":4,"minecraft:birch_planks":5,"minecraft:mushroom_stew":1,"minecraft:smooth_sandstone":4,"minecraft:fire_coral_block":1,"minecraft:acacia_trapdoor":1,"minecraft:book":28,"minecraft:spider_eye":9,"minecraft:red_concrete":8,"minecraft:coal":16}},"DataVersion":3465}