{"stats":{"minecraft:picked_up":{"minecraft:chainmail_boots":1,"minecraft:apple":5,"minecraft:chainmail_chestplate":1},"minecraft:custom":{"minecraft:time_since_rest":8645,"minecraft:crouch_one_cm":1296,"minecraft:deaths":1,"minecraft:sprint_one_cm":22047,"minecraft:play_time":9032,"minecraft:walk_one_cm":14931,"minecraft:damage_taken":260,"minecraft:sneak_time":183,"minecraft:walk_under_water_one_cm":868,"minecraft:jump":85,"minecraft:leave_game":1,"minecraft:time_since_death":8615,"minecraft:walk_on_water_one_cm":1499,"minecraft:total_world_time":9032,"minecraft:climb_one_cm":152,"minecraft:swim_one_cm":137,"minecraft:fall_one_cm":2851,"minecraft:fly_one_cm":25182},"minecraft:mined":{"minecraft:vine":1},"minecraft:used":{"minecraft:apple":2,"minecraft:vine":5,"minecraft:chainmail_boots":1,"minecraft:chainmail_chestplate":1}},"DataVersion":3465}