{"stats":{"minecraft:picked_up":{"minecraft:stone":1,"minecraft:chainmail_boots":6,"minecraft:golden_carrot":2,"minecraft:torch":2,"minecraft:packed_mud":4,"minecraft:chainmail_chestplate":5,"minecraft:apple":136,"minecraft:writable_book":5,"minecraft:bread":8,"minecraft:bricks":1},"minecraft:killed_by":{"minecraft:husk":4},"minecraft:custom":{"minecraft:time_since_rest":8982,"minecraft:sprint_one_cm":226778,"minecraft:damage_taken":1964,"minecraft:walk_one_cm":87483,"minecraft:drop":4,"minecraft:swim_one_cm":373,"minecraft:fly_one_cm":947271,"minecraft:open_barrel":43,"minecraft:crouch_one_cm":3673,"minecraft:play_time":74171,"minecraft:deaths":8,"minecraft:sneak_time":1364,"minecraft:walk_under_water_one_cm":16706,"minecraft:interact_with_lectern":4,"minecraft:jump":504,"minecraft:leave_game":4,"minecraft:walk_on_water_one_cm":6726,"minecraft:time_since_death":8949,"minecraft:climb_one_cm":1321,"minecraft:total_world_time":74171,"minecraft:fall_one_cm":4194},"minecraft:mined":{"minecraft:torch":1,"minecraft:vine":1,"minecraft:wall_torch":1},"minecraft:used":{"minecraft:moss_carpet":1,"minecraft:black_concrete":2,"minecraft:writable_book":4,"minecraft:apple":3,"minecraft:bricks":4,"minecraft:light_gray_concrete":28,"minecraft:bread":3,"minecraft:stone":1,"minecraft:iron_door":2,"minecraft:torch":4,"minecraft:vine":5,"minecraft:chainmail_boots":57,"minecraft:chainmail_chestplate":2},"minecraft:dropped":{"minecraft:stone":1,"minecraft:chainmail_boots":2,"minecraft:chainmail_chestplate":1}},"DataVersion":3465}