{"stats":{"minecraft:picked_up":{"minecraft:chainmail_boots":6,"minecraft:stone":1,"minecraft:golden_carrot":2,"minecraft:apple":136,"minecraft:torch":1,"minecraft:writable_book":5,"minecraft:packed_mud":3,"minecraft:chainmail_chestplate":5,"minecraft:bread":6},"minecraft:killed_by":{"minecraft:husk":4},"minecraft:custom":{"minecraft:open_barrel":38,"minecraft:time_since_rest":1962,"minecraft:damage_taken":1704,"minecraft:play_time":43670,"minecraft:crouch_one_cm":2384,"minecraft:walk_one_cm":60320,"minecraft:sprint_one_cm":151879,"minecraft:deaths":7,"minecraft:walk_under_water_one_cm":1565,"minecraft:sneak_time":870,"minecraft:drop":4,"minecraft:jump":359,"minecraft:leave_game":3,"minecraft:time_since_death":1907,"minecraft:walk_on_water_one_cm":6530,"minecraft:total_world_time":43670,"minecraft:climb_one_cm":1321,"minecraft:swim_one_cm":373,"minecraft:fall_one_cm":3985,"minecraft:fly_one_cm":614636},"minecraft:mined":{"minecraft:vine":1,"minecraft:wall_torch":1},"minecraft:used":{"minecraft:bricks":4,"minecraft:torch":1,"minecraft:apple":3,"minecraft:vine":5,"minecraft:chainmail_boots":57,"minecraft:bread":1,"minecraft:chainmail_chestplate":2,"minecraft:stone":1},"minecraft:dropped":{"minecraft:stone":1,"minecraft:chainmail_chestplate":1,"minecraft:chainmail_boots":2}},"DataVersion":3465}