{"stats":{"minecraft:picked_up":{"minecraft:chainmail_boots":6,"minecraft:stone":1,"minecraft:golden_carrot":2,"minecraft:apple":136,"minecraft:torch":1,"minecraft:writable_book":5,"minecraft:packed_mud":3,"minecraft:chainmail_chestplate":5,"minecraft:bread":6},"minecraft:killed_by":{"minecraft:husk":4},"minecraft:custom":{"minecraft:open_barrel":31,"minecraft:time_since_rest":9570,"minecraft:damage_taken":1704,"minecraft:play_time":32535,"minecraft:crouch_one_cm":1658,"minecraft:walk_one_cm":53494,"minecraft:sprint_one_cm":137607,"minecraft:deaths":6,"minecraft:walk_under_water_one_cm":951,"minecraft:sneak_time":391,"minecraft:drop":4,"minecraft:jump":313,"minecraft:leave_game":3,"minecraft:time_since_death":9541,"minecraft:walk_on_water_one_cm":4363,"minecraft:total_world_time":32535,"minecraft:climb_one_cm":167,"minecraft:swim_one_cm":137,"minecraft:fall_one_cm":3985,"minecraft:fly_one_cm":275722},"minecraft:mined":{"minecraft:vine":1,"minecraft:wall_torch":1},"minecraft:used":{"minecraft:torch":1,"minecraft:apple":3,"minecraft:vine":5,"minecraft:chainmail_boots":57,"minecraft:bread":1,"minecraft:chainmail_chestplate":2,"minecraft:stone":1},"minecraft:dropped":{"minecraft:stone":1,"minecraft:chainmail_chestplate":1,"minecraft:chainmail_boots":2}},"DataVersion":3465}