{"stats":{"minecraft:picked_up":{"minecraft:stone":1,"minecraft:chainmail_boots":6,"minecraft:golden_carrot":2,"minecraft:torch":1,"minecraft:packed_mud":4,"minecraft:chainmail_chestplate":5,"minecraft:apple":136,"minecraft:writable_book":5,"minecraft:bread":8,"minecraft:bricks":1},"minecraft:killed_by":{"minecraft:husk":4},"minecraft:custom":{"minecraft:time_since_rest":19309,"minecraft:sprint_one_cm":206661,"minecraft:damage_taken":1704,"minecraft:walk_one_cm":77508,"minecraft:drop":4,"minecraft:swim_one_cm":373,"minecraft:fly_one_cm":920255,"minecraft:open_barrel":43,"minecraft:crouch_one_cm":3603,"minecraft:play_time":61017,"minecraft:deaths":7,"minecraft:sneak_time":1325,"minecraft:walk_under_water_one_cm":16706,"minecraft:interact_with_lectern":2,"minecraft:jump":426,"minecraft:leave_game":3,"minecraft:walk_on_water_one_cm":6726,"minecraft:time_since_death":19254,"minecraft:climb_one_cm":1321,"minecraft:total_world_time":61017,"minecraft:fall_one_cm":3985},"minecraft:mined":{"minecraft:vine":1,"minecraft:wall_torch":1},"minecraft:used":{"minecraft:moss_carpet":1,"minecraft:black_concrete":2,"minecraft:writable_book":2,"minecraft:apple":3,"minecraft:bricks":4,"minecraft:light_gray_concrete":28,"minecraft:bread":1,"minecraft:stone":1,"minecraft:iron_door":2,"minecraft:torch":3,"minecraft:vine":5,"minecraft:chainmail_boots":57,"minecraft:chainmail_chestplate":2},"minecraft:dropped":{"minecraft:stone":1,"minecraft:chainmail_boots":2,"minecraft:chainmail_chestplate":1}},"DataVersion":3465}