{"stats":{"minecraft:picked_up":{"minecraft:chainmail_boots":6,"minecraft:stone":1,"minecraft:golden_carrot":2,"minecraft:apple":136,"minecraft:torch":1,"minecraft:writable_book":5,"minecraft:packed_mud":2,"minecraft:chainmail_chestplate":5,"minecraft:bread":6},"minecraft:killed_by":{"minecraft:husk":4},"minecraft:custom":{"minecraft:open_barrel":29,"minecraft:time_since_rest":5116,"minecraft:damage_taken":1584,"minecraft:play_time":22945,"minecraft:crouch_one_cm":1372,"minecraft:walk_one_cm":44238,"minecraft:sprint_one_cm":78412,"minecraft:deaths":5,"minecraft:walk_under_water_one_cm":868,"minecraft:sneak_time":268,"minecraft:drop":4,"minecraft:jump":238,"minecraft:leave_game":3,"minecraft:time_since_death":5089,"minecraft:walk_on_water_one_cm":1960,"minecraft:total_world_time":22945,"minecraft:climb_one_cm":152,"minecraft:swim_one_cm":137,"minecraft:fall_one_cm":3985,"minecraft:fly_one_cm":135110},"minecraft:mined":{"minecraft:vine":1,"minecraft:wall_torch":1},"minecraft:used":{"minecraft:torch":1,"minecraft:apple":3,"minecraft:vine":5,"minecraft:chainmail_boots":57,"minecraft:chainmail_chestplate":2,"minecraft:stone":1},"minecraft:dropped":{"minecraft:stone":1,"minecraft:chainmail_chestplate":1,"minecraft:chainmail_boots":2}},"DataVersion":3465}