{"stats":{"minecraft:mined":{"minecraft:torch":1,"minecraft:vine":1,"minecraft:wall_torch":1},"minecraft:used":{"minecraft:moss_carpet":1,"minecraft:writable_book":4,"minecraft:black_concrete":2,"minecraft:apple":3,"minecraft:bricks":4,"minecraft:light_gray_concrete":28,"minecraft:bread":3,"minecraft:stone":1,"minecraft:iron_door":2,"minecraft:torch":4,"minecraft:vine":5,"minecraft:chainmail_boots":57,"minecraft:chainmail_chestplate":2},"minecraft:picked_up":{"minecraft:stone":1,"minecraft:chainmail_boots":6,"minecraft:golden_carrot":2,"minecraft:torch":2,"minecraft:packed_mud":4,"minecraft:chainmail_chestplate":5,"minecraft:apple":136,"minecraft:writable_book":5,"minecraft:bread":8,"minecraft:bricks":1},"minecraft:dropped":{"minecraft:stone":1,"minecraft:chainmail_boots":2,"minecraft:chainmail_chestplate":1},"minecraft:custom":{"minecraft:time_since_rest":14808,"minecraft:sprint_one_cm":231809,"minecraft:damage_taken":2204,"minecraft:walk_one_cm":95223,"minecraft:drop":4,"minecraft:swim_one_cm":28819,"minecraft:fly_one_cm":969693,"minecraft:open_barrel":43,"minecraft:crouch_one_cm":4205,"minecraft:play_time":94246,"minecraft:deaths":9,"minecraft:sneak_time":1557,"minecraft:walk_under_water_one_cm":17215,"minecraft:interact_with_lectern":4,"minecraft:jump":515,"minecraft:leave_game":5,"minecraft:walk_on_water_one_cm":6761,"minecraft:time_since_death":14782,"minecraft:climb_one_cm":1321,"minecraft:total_world_time":94246,"minecraft:fall_one_cm":4194},"minecraft:killed_by":{"minecraft:husk":4}},"DataVersion":3465}