{"stats":{"minecraft:picked_up":{"minecraft:chainmail_boots":1,"minecraft:apple":65,"minecraft:packed_mud":2,"minecraft:chainmail_chestplate":1},"minecraft:custom":{"minecraft:open_barrel":1,"minecraft:time_since_rest":14674,"minecraft:crouch_one_cm":919,"minecraft:sprint_one_cm":39611,"minecraft:play_time":14674,"minecraft:walk_one_cm":31353,"minecraft:sneak_time":408,"minecraft:drop":3,"minecraft:jump":254,"minecraft:leave_game":1,"minecraft:walk_on_water_one_cm":52,"minecraft:time_since_death":14674,"minecraft:climb_one_cm":450,"minecraft:total_world_time":14674,"minecraft:fall_one_cm":422,"minecraft:fly_one_cm":125080},"minecraft:mined":{"minecraft:vine":4,"minecraft:packed_mud":2},"minecraft:used":{"minecraft:writable_book":1,"minecraft:apple":3,"minecraft:chainmail_boots":1,"minecraft:chainmail_chestplate":1,"minecraft:redstone":7,"minecraft:packed_mud":1,"minecraft:player_head":1},"minecraft:dropped":{"minecraft:packed_mud":1,"minecraft:writable_book":1,"minecraft:apple":1}},"DataVersion":3465}