{"stats":{"minecraft:picked_up":{"minecraft:golden_carrot":2,"minecraft:chainmail_boots":1,"minecraft:apple":112,"minecraft:writable_book":1,"minecraft:packed_mud":2,"minecraft:chainmail_chestplate":1,"minecraft:bread":3,"minecraft:moss_carpet":1},"minecraft:custom":{"minecraft:open_barrel":16,"minecraft:time_since_rest":22488,"minecraft:inspect_dropper":2,"minecraft:crouch_one_cm":1834,"minecraft:sprint_one_cm":55352,"minecraft:play_time":22488,"minecraft:walk_one_cm":58158,"minecraft:sneak_time":824,"minecraft:drop":9,"minecraft:jump":366,"minecraft:interact_with_blast_furnace":3,"minecraft:leave_game":2,"minecraft:walk_on_water_one_cm":52,"minecraft:time_since_death":22488,"minecraft:climb_one_cm":450,"minecraft:total_world_time":22488,"minecraft:interact_with_crafting_table":1,"minecraft:fall_one_cm":842,"minecraft:fly_one_cm":177405,"minecraft:inspect_dispenser":1},"minecraft:mined":{"minecraft:vine":4,"minecraft:packed_mud":2,"minecraft:nether_wart_block":1,"minecraft:moss_carpet":1},"minecraft:used":{"minecraft:moss_carpet":1,"minecraft:writable_book":1,"minecraft:apple":5,"minecraft:chainmail_boots":1,"minecraft:chainmail_chestplate":1,"minecraft:redstone":8,"minecraft:packed_mud":1,"minecraft:player_head":1},"minecraft:dropped":{"minecraft:bread":3,"minecraft:packed_mud":1,"minecraft:writable_book":2,"minecraft:apple":65,"minecraft:golden_carrot":2,"minecraft:chainmail_boots":1,"minecraft:chainmail_chestplate":1}},"DataVersion":3465}